-- MySQL dump 10.13  Distrib 5.7.17, for Win64 (x86_64)
--
-- Host: localhost    Database: bookstore
-- ------------------------------------------------------
-- Server version	5.7.21-log

/*!40101 SET @OLD_CHARACTER_SET_CLIENT=@@CHARACTER_SET_CLIENT */;
/*!40101 SET @OLD_CHARACTER_SET_RESULTS=@@CHARACTER_SET_RESULTS */;
/*!40101 SET @OLD_COLLATION_CONNECTION=@@COLLATION_CONNECTION */;
/*!40101 SET NAMES utf8 */;
/*!40103 SET @OLD_TIME_ZONE=@@TIME_ZONE */;
/*!40103 SET TIME_ZONE='+00:00' */;
/*!40014 SET @OLD_UNIQUE_CHECKS=@@UNIQUE_CHECKS, UNIQUE_CHECKS=0 */;
/*!40014 SET @OLD_FOREIGN_KEY_CHECKS=@@FOREIGN_KEY_CHECKS, FOREIGN_KEY_CHECKS=0 */;
/*!40101 SET @OLD_SQL_MODE=@@SQL_MODE, SQL_MODE='NO_AUTO_VALUE_ON_ZERO' */;
/*!40111 SET @OLD_SQL_NOTES=@@SQL_NOTES, SQL_NOTES=0 */;

--
-- Table structure for table `category`
--

DROP TABLE IF EXISTS `category`;
/*!40101 SET @saved_cs_client     = @@character_set_client */;
/*!40101 SET character_set_client = utf8 */;
CREATE TABLE `category` (
  `category_id` int(11) NOT NULL AUTO_INCREMENT,
  `category_name` varchar(50) NOT NULL,
  PRIMARY KEY (`category_id`)
) ENGINE=InnoDB AUTO_INCREMENT=5 DEFAULT CHARSET=utf8;
/*!40101 SET character_set_client = @saved_cs_client */;

--
-- Dumping data for table `category`
--

LOCK TABLES `category` WRITE;
/*!40000 ALTER TABLE `category` DISABLE KEYS */;
INSERT INTO `category` VALUES (1,'Sách Tiếng Việt'),(2,'Sách Tiếng Anh'),(3,'Sách Kỹ Năng'),(4,'Sách Lịch Sử');
/*!40000 ALTER TABLE `category` ENABLE KEYS */;
UNLOCK TABLES;

--
-- Table structure for table `order_details`
--

DROP TABLE IF EXISTS `order_details`;
/*!40101 SET @saved_cs_client     = @@character_set_client */;
/*!40101 SET character_set_client = utf8 */;
CREATE TABLE `order_details` (
  `id` int(11) NOT NULL AUTO_INCREMENT,
  `order_id` int(11) NOT NULL,
  `product_id` int(11) NOT NULL,
  `quantity` int(11) NOT NULL,
  PRIMARY KEY (`id`),
  KEY `order_id` (`order_id`),
  KEY `product_id` (`product_id`),
  CONSTRAINT `order_details_ibfk_1` FOREIGN KEY (`order_id`) REFERENCES `orders` (`id`),
  CONSTRAINT `order_details_ibfk_2` FOREIGN KEY (`product_id`) REFERENCES `products` (`id`)
) ENGINE=InnoDB AUTO_INCREMENT=15 DEFAULT CHARSET=utf8;
/*!40101 SET character_set_client = @saved_cs_client */;

--
-- Dumping data for table `order_details`
--

LOCK TABLES `order_details` WRITE;
/*!40000 ALTER TABLE `order_details` DISABLE KEYS */;
INSERT INTO `order_details` VALUES (6,10,8,1),(7,10,14,1),(8,10,15,1),(9,11,8,1),(10,12,8,1),(11,13,1,1),(12,13,7,1),(13,14,2,1),(14,15,3,1);
/*!40000 ALTER TABLE `order_details` ENABLE KEYS */;
UNLOCK TABLES;

--
-- Table structure for table `orders`
--

DROP TABLE IF EXISTS `orders`;
/*!40101 SET @saved_cs_client     = @@character_set_client */;
/*!40101 SET character_set_client = utf8 */;
CREATE TABLE `orders` (
  `id` int(11) NOT NULL AUTO_INCREMENT,
  `total_money` int(11) NOT NULL,
  `user_id` int(11) NOT NULL,
  `date` varchar(50) NOT NULL,
  `phone` varchar(50) NOT NULL,
  `address` varchar(100) NOT NULL,
  `status` varchar(200) NOT NULL,
  PRIMARY KEY (`id`),
  KEY `user_id` (`user_id`),
  CONSTRAINT `orders_ibfk_1` FOREIGN KEY (`user_id`) REFERENCES `users` (`id`)
) ENGINE=InnoDB AUTO_INCREMENT=16 DEFAULT CHARSET=utf8;
/*!40101 SET character_set_client = @saved_cs_client */;

--
-- Dumping data for table `orders`
--

LOCK TABLES `orders` WRITE;
/*!40000 ALTER TABLE `orders` DISABLE KEYS */;
INSERT INTO `orders` VALUES (10,382000,12,'Thu 21/12/2017 at 03:06:49 PM','abc','123','Đã chấp nhận lúc 22/12/2017 12:24:14 AM'),(11,211000,12,'Fri 22/12/2017 at 12:23:52 AM','2258252','sdsdc','Đã chấp nhận lúc 22/12/2017 12:25:14 AM'),(12,211000,12,'Fri 22/12/2017 at 12:26:48 AM','123','abcd','Đã hủy bỏ lúc 22/12/2017 12:26:57 AM'),(13,402000,13,'Sat 23/12/2017 at 04:00:42 PM','016889590842','Hà Nội','Đã chấp nhận lúc 23/12/2017 04:01:17 PM'),(14,63000,14,'Sun 24/12/2017 at 10:29:38 PM','1234','abcd','Đã chấp nhận lúc 24/12/2017 10:31:09 PM'),(15,33000,15,'Tue 17/04/2018 at 01:31:39 AM','01212121212','Hà Nội','Đã chấp nhận lúc 17/04/2018 01:32:12 AM');
/*!40000 ALTER TABLE `orders` ENABLE KEYS */;
UNLOCK TABLES;

--
-- Table structure for table `products`
--

DROP TABLE IF EXISTS `products`;
/*!40101 SET @saved_cs_client     = @@character_set_client */;
/*!40101 SET character_set_client = utf8 */;
CREATE TABLE `products` (
  `id` int(11) NOT NULL AUTO_INCREMENT,
  `image` varchar(50) NOT NULL,
  `name` varchar(100) NOT NULL,
  `author` varchar(50) NOT NULL,
  `publisher` varchar(50) NOT NULL,
  `publishing_year` varchar(50) NOT NULL,
  `price` int(11) NOT NULL,
  `status` varchar(50) DEFAULT NULL,
  `description` varchar(5000) DEFAULT NULL,
  `category_id` int(11) NOT NULL,
  PRIMARY KEY (`id`),
  KEY `category_id` (`category_id`),
  CONSTRAINT `products_ibfk_1` FOREIGN KEY (`category_id`) REFERENCES `category` (`category_id`)
) ENGINE=InnoDB AUTO_INCREMENT=27 DEFAULT CHARSET=utf8;
/*!40101 SET character_set_client = @saved_cs_client */;

--
-- Dumping data for table `products`
--

LOCK TABLES `products` WRITE;
/*!40000 ALTER TABLE `products` DISABLE KEYS */;
INSERT INTO `products` VALUES (1,'images/t1.jpg','Đừng Coi Ai Đó Là Cả Thế Giới','Nguyễn Nhật Ánh','NXB Trẻ','2014',75000,'1','Harry Potter may mắn sống sót đến tuổi 13, sau nhiều cuộc tấn công của Chúa tể hắc ám.\r\n\r\nNhưng hy vọng có một học kỳ yên ổn với Quidditch của cậu đã tiêu tan thành mây khói khi một kẻ điên cuồng giết người hàng loạt vừa thoát khỏi nhà tù Azkaban, với sự lùng sục của những cai tù là giám ngục.\r\n\r\nDường như trường Hogwarts là nơi an toàn nhất cho Harry lúc này. Nhưng có phải là sự trùng hợp khi cậu luôn cảm giác có ai đang quan sát mình từ bóng đêm, và những điềm báo của giáo sư Trelawney liệu có chính xác?\r\n\r\n‘Câu chuyện được kể với trí tưởng tượng bay bổng, sự hài hước bất tận có thể quyến rũ cả người lớn lẫn trẻ em.’',1),(2,'images/t2.jpg','Cho Tôi Xin Một Vé Đi Tuổi Thơ','Nguyễn Nhật Ánh','NXB Trẻ','2015',63000,'1','Harry Potter may mắn sống sót đến tuổi 13, sau nhiều cuộc tấn công của Chúa tể hắc ám.\r\n\r\nNhưng hy vọng có một học kỳ yên ổn với Quidditch của cậu đã tiêu tan thành mây khói khi một kẻ điên cuồng giết người hàng loạt vừa thoát khỏi nhà tù Azkaban, với sự lùng sục của những cai tù là giám ngục.\r\n\r\nDường như trường Hogwarts là nơi an toàn nhất cho Harry lúc này. Nhưng có phải là sự trùng hợp khi cậu luôn cảm giác có ai đang quan sát mình từ bóng đêm, và những điềm báo của giáo sư Trelawney liệu có chính xác?\r\n\r\n‘Câu chuyện được kể với trí tưởng tượng bay bổng, sự hài hước bất tận có thể quyến rũ cả người lớn lẫn trẻ em.’',1),(3,'images/t3.jpg','Trong Mắt Trái Tim','Nguyễn Nhật Kim','NXB Văn Học','2016',33000,'1','Harry Potter may mắn sống sót đến tuổi 13, sau nhiều cuộc tấn công của Chúa tể hắc ám.\r\n\r\nNhưng hy vọng có một học kỳ yên ổn với Quidditch của cậu đã tiêu tan thành mây khói khi một kẻ điên cuồng giết người hàng loạt vừa thoát khỏi nhà tù Azkaban, với sự lùng sục của những cai tù là giám ngục.\r\n\r\nDường như trường Hogwarts là nơi an toàn nhất cho Harry lúc này. Nhưng có phải là sự trùng hợp khi cậu luôn cảm giác có ai đang quan sát mình từ bóng đêm, và những điềm báo của giáo sư Trelawney liệu có chính xác?\r\n\r\n‘Câu chuyện được kể với trí tưởng tượng bay bổng, sự hài hước bất tận có thể quyến rũ cả người lớn lẫn trẻ em.’',1),(4,'images/t4.jpg','Đắc Nhân Tâm','Dale Carnegie','NXB Trẻ','2015',76000,'1','Harry Potter may mắn sống sót đến tuổi 13, sau nhiều cuộc tấn công của Chúa tể hắc ám.\r\n\r\nNhưng hy vọng có một học kỳ yên ổn với Quidditch của cậu đã tiêu tan thành mây khói khi một kẻ điên cuồng giết người hàng loạt vừa thoát khỏi nhà tù Azkaban, với sự lùng sục của những cai tù là giám ngục.\r\n\r\nDường như trường Hogwarts là nơi an toàn nhất cho Harry lúc này. Nhưng có phải là sự trùng hợp khi cậu luôn cảm giác có ai đang quan sát mình từ bóng đêm, và những điềm báo của giáo sư Trelawney liệu có chính xác?\r\n\r\n‘Câu chuyện được kể với trí tưởng tượng bay bổng, sự hài hước bất tận có thể quyến rũ cả người lớn lẫn trẻ em.’',1),(5,'images/t5.jpg','Cà Phê Cùng Tony','Nguyễn Nhật Kim','NXB Văn Học','2016',33000,'1','Harry Potter may mắn sống sót đến tuổi 13, sau nhiều cuộc tấn công của Chúa tể hắc ám.\r\n\r\nNhưng hy vọng có một học kỳ yên ổn với Quidditch của cậu đã tiêu tan thành mây khói khi một kẻ điên cuồng giết người hàng loạt vừa thoát khỏi nhà tù Azkaban, với sự lùng sục của những cai tù là giám ngục.\r\n\r\nDường như trường Hogwarts là nơi an toàn nhất cho Harry lúc này. Nhưng có phải là sự trùng hợp khi cậu luôn cảm giác có ai đang quan sát mình từ bóng đêm, và những điềm báo của giáo sư Trelawney liệu có chính xác?\r\n\r\n‘Câu chuyện được kể với trí tưởng tượng bay bổng, sự hài hước bất tận có thể quyến rũ cả người lớn lẫn trẻ em.’',1),(6,'images/e1.jpg','The Complete Sherlock Holmes (2 Volumes)','Watase','NXB Lao Động','2015',327000,'1','Harry Potter may mắn sống sót đến tuổi 13, sau nhiều cuộc tấn công của Chúa tể hắc ám.\r\n\r\nNhưng hy vọng có một học kỳ yên ổn với Quidditch của cậu đã tiêu tan thành mây khói khi một kẻ điên cuồng giết người hàng loạt vừa thoát khỏi nhà tù Azkaban, với sự lùng sục của những cai tù là giám ngục.\r\n\r\nDường như trường Hogwarts là nơi an toàn nhất cho Harry lúc này. Nhưng có phải là sự trùng hợp khi cậu luôn cảm giác có ai đang quan sát mình từ bóng đêm, và những điềm báo của giáo sư Trelawney liệu có chính xác?\r\n\r\n‘Câu chuyện được kể với trí tưởng tượng bay bổng, sự hài hước bất tận có thể quyến rũ cả người lớn lẫn trẻ em.’',2),(7,'images/e2.jpg','The Complete Sherlock Holmes (2 Volumes)','Watase','NXB Lao Động','2015',327000,'1','Harry Potter may mắn sống sót đến tuổi 13, sau nhiều cuộc tấn công của Chúa tể hắc ám.\r\n\r\nNhưng hy vọng có một học kỳ yên ổn với Quidditch của cậu đã tiêu tan thành mây khói khi một kẻ điên cuồng giết người hàng loạt vừa thoát khỏi nhà tù Azkaban, với sự lùng sục của những cai tù là giám ngục.\r\n\r\nDường như trường Hogwarts là nơi an toàn nhất cho Harry lúc này. Nhưng có phải là sự trùng hợp khi cậu luôn cảm giác có ai đang quan sát mình từ bóng đêm, và những điềm báo của giáo sư Trelawney liệu có chính xác?\r\n\r\n‘Câu chuyện được kể với trí tưởng tượng bay bổng, sự hài hước bất tận có thể quyến rũ cả người lớn lẫn trẻ em.’',2),(8,'images/e3.jpg','Life Of Pi (Mass Market Paperback)','Watase','NXB Trẻ','2015',211000,'1','Harry Potter may mắn sống sót đến tuổi 13, sau nhiều cuộc tấn công của Chúa tể hắc ám.\r\n\r\nNhưng hy vọng có một học kỳ yên ổn với Quidditch của cậu đã tiêu tan thành mây khói khi một kẻ điên cuồng giết người hàng loạt vừa thoát khỏi nhà tù Azkaban, với sự lùng sục của những cai tù là giám ngục.\r\n\r\nDường như trường Hogwarts là nơi an toàn nhất cho Harry lúc này. Nhưng có phải là sự trùng hợp khi cậu luôn cảm giác có ai đang quan sát mình từ bóng đêm, và những điềm báo của giáo sư Trelawney liệu có chính xác?\r\n\r\n‘Câu chuyện được kể với trí tưởng tượng bay bổng, sự hài hước bất tận có thể quyến rũ cả người lớn lẫn trẻ em.’',2),(9,'images/e4.jpg','The Choice','Watase','NXB Lao Động','2015',144000,'1','Harry Potter may mắn sống sót đến tuổi 13, sau nhiều cuộc tấn công của Chúa tể hắc ám.\r\n\r\nNhưng hy vọng có một học kỳ yên ổn với Quidditch của cậu đã tiêu tan thành mây khói khi một kẻ điên cuồng giết người hàng loạt vừa thoát khỏi nhà tù Azkaban, với sự lùng sục của những cai tù là giám ngục.\r\n\r\nDường như trường Hogwarts là nơi an toàn nhất cho Harry lúc này. Nhưng có phải là sự trùng hợp khi cậu luôn cảm giác có ai đang quan sát mình từ bóng đêm, và những điềm báo của giáo sư Trelawney liệu có chính xác?\r\n\r\n‘Câu chuyện được kể với trí tưởng tượng bay bổng, sự hài hước bất tận có thể quyến rũ cả người lớn lẫn trẻ em.’',2),(10,'images/e5.jpg','A GAME OF THRONES - 7 Volumes (Paperback)','Dale Carnegie','NXB Văn Học','2009',2048000,'1','Harry Potter may mắn sống sót đến tuổi 13, sau nhiều cuộc tấn công của Chúa tể hắc ám.\r\n\r\nNhưng hy vọng có một học kỳ yên ổn với Quidditch của cậu đã tiêu tan thành mây khói khi một kẻ điên cuồng giết người hàng loạt vừa thoát khỏi nhà tù Azkaban, với sự lùng sục của những cai tù là giám ngục.\r\n\r\nDường như trường Hogwarts là nơi an toàn nhất cho Harry lúc này. Nhưng có phải là sự trùng hợp khi cậu luôn cảm giác có ai đang quan sát mình từ bóng đêm, và những điềm báo của giáo sư Trelawney liệu có chính xác?\r\n\r\n‘Câu chuyện được kể với trí tưởng tượng bay bổng, sự hài hước bất tận có thể quyến rũ cả người lớn lẫn trẻ em.’',2),(11,'images/n1.jpg','Lời Hứa Về Một Cây Bút Chì','Dale Carnegie','NXB Văn Học','2009',2048000,'1','Harry Potter may mắn sống sót đến tuổi 13, sau nhiều cuộc tấn công của Chúa tể hắc ám.\r\n\r\nNhưng hy vọng có một học kỳ yên ổn với Quidditch của cậu đã tiêu tan thành mây khói khi một kẻ điên cuồng giết người hàng loạt vừa thoát khỏi nhà tù Azkaban, với sự lùng sục của những cai tù là giám ngục.\r\n\r\nDường như trường Hogwarts là nơi an toàn nhất cho Harry lúc này. Nhưng có phải là sự trùng hợp khi cậu luôn cảm giác có ai đang quan sát mình từ bóng đêm, và những điềm báo của giáo sư Trelawney liệu có chính xác?\r\n\r\n‘Câu chuyện được kể với trí tưởng tượng bay bổng, sự hài hước bất tận có thể quyến rũ cả người lớn lẫn trẻ em.’',3),(12,'images/n2.jpg','Cẩm Nang Việc Làm','Dale Carnegie','NXB Lao Động','2009',28000,'1','Harry Potter may mắn sống sót đến tuổi 13, sau nhiều cuộc tấn công của Chúa tể hắc ám.\r\n\r\nNhưng hy vọng có một học kỳ yên ổn với Quidditch của cậu đã tiêu tan thành mây khói khi một kẻ điên cuồng giết người hàng loạt vừa thoát khỏi nhà tù Azkaban, với sự lùng sục của những cai tù là giám ngục.\r\n\r\nDường như trường Hogwarts là nơi an toàn nhất cho Harry lúc này. Nhưng có phải là sự trùng hợp khi cậu luôn cảm giác có ai đang quan sát mình từ bóng đêm, và những điềm báo của giáo sư Trelawney liệu có chính xác?\r\n\r\n‘Câu chuyện được kể với trí tưởng tượng bay bổng, sự hài hước bất tận có thể quyến rũ cả người lớn lẫn trẻ em.’',3),(13,'images/n3.jpg','Câu Chuyện Do Thái','Dale Carnegie','NXB Văn Học','2009',218000,'1','Harry Potter may mắn sống sót đến tuổi 13, sau nhiều cuộc tấn công của Chúa tể hắc ám.\r\n\r\nNhưng hy vọng có một học kỳ yên ổn với Quidditch của cậu đã tiêu tan thành mây khói khi một kẻ điên cuồng giết người hàng loạt vừa thoát khỏi nhà tù Azkaban, với sự lùng sục của những cai tù là giám ngục.\r\n\r\nDường như trường Hogwarts là nơi an toàn nhất cho Harry lúc này. Nhưng có phải là sự trùng hợp khi cậu luôn cảm giác có ai đang quan sát mình từ bóng đêm, và những điềm báo của giáo sư Trelawney liệu có chính xác?\r\n\r\n‘Câu chuyện được kể với trí tưởng tượng bay bổng, sự hài hước bất tận có thể quyến rũ cả người lớn lẫn trẻ em.’',3),(14,'images/n4.jpg','Đắc Nhân Tâm','Dale Carnegie','NXB Văn Học','2009',33000,'1','Harry Potter may mắn sống sót đến tuổi 13, sau nhiều cuộc tấn công của Chúa tể hắc ám.\r\n\r\nNhưng hy vọng có một học kỳ yên ổn với Quidditch của cậu đã tiêu tan thành mây khói khi một kẻ điên cuồng giết người hàng loạt vừa thoát khỏi nhà tù Azkaban, với sự lùng sục của những cai tù là giám ngục.\r\n\r\nDường như trường Hogwarts là nơi an toàn nhất cho Harry lúc này. Nhưng có phải là sự trùng hợp khi cậu luôn cảm giác có ai đang quan sát mình từ bóng đêm, và những điềm báo của giáo sư Trelawney liệu có chính xác?\r\n\r\n‘Câu chuyện được kể với trí tưởng tượng bay bổng, sự hài hước bất tận có thể quyến rũ cả người lớn lẫn trẻ em.’',3),(15,'images/n5.jpg','Góc Nhìn Của Người Thông Thái','Dale Carnegie','NXB Văn Học','2009',138000,'1','Harry Potter may mắn sống sót đến tuổi 13, sau nhiều cuộc tấn công của Chúa tể hắc ám.\r\n\r\nNhưng hy vọng có một học kỳ yên ổn với Quidditch của cậu đã tiêu tan thành mây khói khi một kẻ điên cuồng giết người hàng loạt vừa thoát khỏi nhà tù Azkaban, với sự lùng sục của những cai tù là giám ngục.\r\n\r\nDường như trường Hogwarts là nơi an toàn nhất cho Harry lúc này. Nhưng có phải là sự trùng hợp khi cậu luôn cảm giác có ai đang quan sát mình từ bóng đêm, và những điềm báo của giáo sư Trelawney liệu có chính xác?\r\n\r\n‘Câu chuyện được kể với trí tưởng tượng bay bổng, sự hài hước bất tận có thể quyến rũ cả người lớn lẫn trẻ em.’',3),(16,'images/l1.jpg','Thế Chiến Thứ Ba - Chiến Tranh Mạng Lưới','Watase','NXB Lao Động','2007',278000,'1','Harry Potter may mắn sống sót đến tuổi 13, sau nhiều cuộc tấn công của Chúa tể hắc ám.\r\n\r\nNhưng hy vọng có một học kỳ yên ổn với Quidditch của cậu đã tiêu tan thành mây khói khi một kẻ điên cuồng giết người hàng loạt vừa thoát khỏi nhà tù Azkaban, với sự lùng sục của những cai tù là giám ngục.\r\n\r\nDường như trường Hogwarts là nơi an toàn nhất cho Harry lúc này. Nhưng có phải là sự trùng hợp khi cậu luôn cảm giác có ai đang quan sát mình từ bóng đêm, và những điềm báo của giáo sư Trelawney liệu có chính xác?\r\n\r\n‘Câu chuyện được kể với trí tưởng tượng bay bổng, sự hài hước bất tận có thể quyến rũ cả người lớn lẫn trẻ em.’',4),(17,'images/l2.jpg','Thế Chiến Thứ Ba - Chiến Tranh Mạng Lưới','Watase','NXB Lao Động','2007',278000,'1','Harry Potter may mắn sống sót đến tuổi 13, sau nhiều cuộc tấn công của Chúa tể hắc ám.\r\n\r\nNhưng hy vọng có một học kỳ yên ổn với Quidditch của cậu đã tiêu tan thành mây khói khi một kẻ điên cuồng giết người hàng loạt vừa thoát khỏi nhà tù Azkaban, với sự lùng sục của những cai tù là giám ngục.\r\n\r\nDường như trường Hogwarts là nơi an toàn nhất cho Harry lúc này. Nhưng có phải là sự trùng hợp khi cậu luôn cảm giác có ai đang quan sát mình từ bóng đêm, và những điềm báo của giáo sư Trelawney liệu có chính xác?\r\n\r\n‘Câu chuyện được kể với trí tưởng tượng bay bổng, sự hài hước bất tận có thể quyến rũ cả người lớn lẫn trẻ em.’',4),(18,'images/l3.jpg','Lịch Sử Chiến Tranh Peloponnese','Watase Mar','NXB Trẻ','2016',98000,'1','Harry Potter may mắn sống sót đến tuổi 13, sau nhiều cuộc tấn công của Chúa tể hắc ám.\r\n\r\nNhưng hy vọng có một học kỳ yên ổn với Quidditch của cậu đã tiêu tan thành mây khói khi một kẻ điên cuồng giết người hàng loạt vừa thoát khỏi nhà tù Azkaban, với sự lùng sục của những cai tù là giám ngục.\r\n\r\nDường như trường Hogwarts là nơi an toàn nhất cho Harry lúc này. Nhưng có phải là sự trùng hợp khi cậu luôn cảm giác có ai đang quan sát mình từ bóng đêm, và những điềm báo của giáo sư Trelawney liệu có chính xác?\r\n\r\n‘Câu chuyện được kể với trí tưởng tượng bay bổng, sự hài hước bất tận có thể quyến rũ cả người lớn lẫn trẻ em.’',4),(19,'images/l4.jpg','Dấu Ấn Việt Nam Trên Biển Đông','Watase Mian','NXB Lao Động','2007',58000,'1','Harry Potter may mắn sống sót đến tuổi 13, sau nhiều cuộc tấn công của Chúa tể hắc ám.\r\n\r\nNhưng hy vọng có một học kỳ yên ổn với Quidditch của cậu đã tiêu tan thành mây khói khi một kẻ điên cuồng giết người hàng loạt vừa thoát khỏi nhà tù Azkaban, với sự lùng sục của những cai tù là giám ngục.\r\n\r\nDường như trường Hogwarts là nơi an toàn nhất cho Harry lúc này. Nhưng có phải là sự trùng hợp khi cậu luôn cảm giác có ai đang quan sát mình từ bóng đêm, và những điềm báo của giáo sư Trelawney liệu có chính xác?\r\n\r\n‘Câu chuyện được kể với trí tưởng tượng bay bổng, sự hài hước bất tận có thể quyến rũ cả người lớn lẫn trẻ em.’',4),(20,'images/l5.jpg','Côn Đảo Từ Góc Nhìn Lịch Sử','March Watase','NXB Lao Động','2007',128000,'1','Harry Potter may mắn sống sót đến tuổi 13, sau nhiều cuộc tấn công của Chúa tể hắc ám.\r\n\r\nNhưng hy vọng có một học kỳ yên ổn với Quidditch của cậu đã tiêu tan thành mây khói khi một kẻ điên cuồng giết người hàng loạt vừa thoát khỏi nhà tù Azkaban, với sự lùng sục của những cai tù là giám ngục.\r\n\r\nDường như trường Hogwarts là nơi an toàn nhất cho Harry lúc này. Nhưng có phải là sự trùng hợp khi cậu luôn cảm giác có ai đang quan sát mình từ bóng đêm, và những điềm báo của giáo sư Trelawney liệu có chính xác?\r\n\r\n‘Câu chuyện được kể với trí tưởng tượng bay bổng, sự hài hước bất tận có thể quyến rũ cả người lớn lẫn trẻ em.’',4),(21,'images/l3.jpg','Đừng Coi Ai Đó Là','Nguyễn Nhậ','NXB Trẻ','2014',75000,'1','Harry Potter may mắn sống sót đến tuổi 13, sau nhiều cuộc tấn công của Chúa tể hắc ám.\r\n\r\nNhưng hy vọng có một học kỳ yên ổn với Quidditch của cậu đã tiêu tan thành mây khói khi một kẻ điên cuồng giết người hàng loạt vừa thoát khỏi nhà tù Azkaban, với sự lùng sục của những cai tù là giám ngục.\r\n\r\nDường như trường Hogwarts là nơi an toàn nhất cho Harry lúc này. Nhưng có phải là sự trùng hợp khi cậu luôn cảm giác có ai đang quan sát mình từ bóng đêm, và những điềm báo của giáo sư Trelawney liệu có chính xác?\r\n\r\n‘Câu chuyện được kể với trí tưởng tượng bay bổng, sự hài hước bất tận có thể quyến rũ cả người lớn lẫn trẻ em.’ ',4),(22,'images/l3.jpg','Đừng Coi Ai Đó Là Cả Thế G','Nguyễn Nhật Ánh','NXB Trẻ','2014',75000,'1','Harry Potter may mắn sống sót đến tuổi 13, sau nhiều cuộc tấn công của Chúa tể hắc ám.\r\n\r\nNhưng hy vọng có một học kỳ yên ổn với Quidditch của cậu đã tiêu tan thành mây khói khi một kẻ điên cuồng giết người hàng loạt vừa thoát khỏi nhà tù Azkaban, với sự lùng sục của những cai tù là giám ngục.\r\n\r\nDường như trường Hogwarts là nơi an toàn nhất cho Harry lúc này. Nhưng có phải là sự trùng hợp khi cậu luôn cảm giác có ai đang quan sát mình từ bóng đêm, và những điềm báo của giáo sư Trelawney liệu có chính xác?\r\n\r\n‘Câu chuyện được kể với trí tưởng tượng bay bổng, sự hài hước bất tận có thể quyến rũ cả người lớn lẫn trẻ em.’ ',2),(23,'images/l3.jpg','Đừng Coi Ai Đó Là Cả','Nguyễn Nhật','NXB Trẻ','2014',75000,'1','Harry Potter may mắn sống sót đến tuổi 13, sau nhiều cuộc tấn công của Chúa tể hắc ám.\r\n\r\nNhưng hy vọng có một học kỳ yên ổn với Quidditch của cậu đã tiêu tan thành mây khói khi một kẻ điên cuồng giết người hàng loạt vừa thoát khỏi nhà tù Azkaban, với sự lùng sục của những cai tù là giám ngục.\r\n\r\nDường như trường Hogwarts là nơi an toàn nhất cho Harry lúc này. Nhưng có phải là sự trùng hợp khi cậu luôn cảm giác có ai đang quan sát mình từ bóng đêm, và những điềm báo của giáo sư Trelawney liệu có chính xác?\r\n\r\n‘Câu chuyện được kể với trí tưởng tượng bay bổng, sự hài hước bất tận có thể quyến rũ cả người lớn lẫn trẻ em.’  ',2),(24,'images/t1.jpg','Đừng Coi Ai Đó Là Cả Thế Giới','Nguyễn Nhật Ánh','NXB Trẻ','2014',75000,'1','Harry Potter may mắn sống sót đến tuổi 13, sau nhiều cuộc tấn công của Chúa tể hắc ám.\r\n\r\nNhưng hy vọng có một học kỳ yên ổn với Quidditch của cậu đã tiêu tan thành mây khói khi một kẻ điên cuồng giết người hàng loạt vừa thoát khỏi nhà tù Azkaban, với sự lùng sục của những cai tù là giám ngục.\r\n\r\nDường như trường Hogwarts là nơi an toàn nhất cho Harry lúc này. Nhưng có phải là sự trùng hợp khi cậu luôn cảm giác có ai đang quan sát mình từ bóng đêm, và những điềm báo của giáo sư Trelawney liệu có chính xác?\r\n\r\n‘Câu chuyện được kể với trí tưởng tượng bay bổng, sự hài hước bất tận có thể quyến rũ cả người lớn lẫn trẻ em.’',1),(25,'images/t1.jpg','Đừng Coi Ai Đó Là Cả Thế Giới','Nguyễn Nhật Ánh','NXB Trẻ','2014',75000,'1','Harry Potter may mắn sống sót đến tuổi 13, sau nhiều cuộc tấn công của Chúa tể hắc ám.\r\n\r\nNhưng hy vọng có một học kỳ yên ổn với Quidditch của cậu đã tiêu tan thành mây khói khi một kẻ điên cuồng giết người hàng loạt vừa thoát khỏi nhà tù Azkaban, với sự lùng sục của những cai tù là giám ngục.\r\n\r\nDường như trường Hogwarts là nơi an toàn nhất cho Harry lúc này. Nhưng có phải là sự trùng hợp khi cậu luôn cảm giác có ai đang quan sát mình từ bóng đêm, và những điềm báo của giáo sư Trelawney liệu có chính xác?\r\n\r\n‘Câu chuyện được kể với trí tưởng tượng bay bổng, sự hài hước bất tận có thể quyến rũ cả người lớn lẫn trẻ em.’',1),(26,'images/t1.jpg','Đừng Coi Ai Đó Là Cả Thế Giới','Nguyễn Nhật Ánh','NXB Trẻ','2014',75000,'1','Harry Potter may mắn sống sót đến tuổi 13, sau nhiều cuộc tấn công của Chúa tể hắc ám.\r\n\r\nNhưng hy vọng có một học kỳ yên ổn với Quidditch của cậu đã tiêu tan thành mây khói khi một kẻ điên cuồng giết người hàng loạt vừa thoát khỏi nhà tù Azkaban, với sự lùng sục của những cai tù là giám ngục.\r\n\r\nDường như trường Hogwarts là nơi an toàn nhất cho Harry lúc này. Nhưng có phải là sự trùng hợp khi cậu luôn cảm giác có ai đang quan sát mình từ bóng đêm, và những điềm báo của giáo sư Trelawney liệu có chính xác?\r\n\r\n‘Câu chuyện được kể với trí tưởng tượng bay bổng, sự hài hước bất tận có thể quyến rũ cả người lớn lẫn trẻ em.’',1);
/*!40000 ALTER TABLE `products` ENABLE KEYS */;
UNLOCK TABLES;

--
-- Table structure for table `users`
--

DROP TABLE IF EXISTS `users`;
/*!40101 SET @saved_cs_client     = @@character_set_client */;
/*!40101 SET character_set_client = utf8 */;
CREATE TABLE `users` (
  `id` int(11) NOT NULL AUTO_INCREMENT,
  `username` varchar(50) NOT NULL,
  `email` varchar(50) DEFAULT NULL,
  `password` varchar(500) DEFAULT NULL,
  `role` int(11) NOT NULL DEFAULT '1',
  `fullname` varchar(50) NOT NULL,
  PRIMARY KEY (`id`)
) ENGINE=InnoDB AUTO_INCREMENT=16 DEFAULT CHARSET=utf8;
/*!40101 SET character_set_client = @saved_cs_client */;

--
-- Dumping data for table `users`
--

LOCK TABLES `users` WRITE;
/*!40000 ALTER TABLE `users` DISABLE KEYS */;
INSERT INTO `users` VALUES (12,'quyta','autobotlion96@gmail.com','202cb962ac59075b964b07152d234b70',3,'Tạ Ngọc Quý'),(13,'huedo','huedoptit@gmail.com','202cb962ac59075b964b07152d234b70',1,'Đỗ Thị Huế'),(14,'huedoptit','quyyknb96@gmail.com','202cb962ac59075b964b07152d234b70',1,'Đỗ Ngọc Huế'),(15,'115239418999993161052','quyyknb96@gmail.com',NULL,1,'Quý Tạ');
/*!40000 ALTER TABLE `users` ENABLE KEYS */;
UNLOCK TABLES;

--
-- Dumping events for database 'bookstore'
--
/*!40103 SET TIME_ZONE=@OLD_TIME_ZONE */;

/*!40101 SET SQL_MODE=@OLD_SQL_MODE */;
/*!40014 SET FOREIGN_KEY_CHECKS=@OLD_FOREIGN_KEY_CHECKS */;
/*!40014 SET UNIQUE_CHECKS=@OLD_UNIQUE_CHECKS */;
/*!40101 SET CHARACTER_SET_CLIENT=@OLD_CHARACTER_SET_CLIENT */;
/*!40101 SET CHARACTER_SET_RESULTS=@OLD_CHARACTER_SET_RESULTS */;
/*!40101 SET COLLATION_CONNECTION=@OLD_COLLATION_CONNECTION */;
/*!40111 SET SQL_NOTES=@OLD_SQL_NOTES */;

-- Dump completed on 2018-04-21 11:28:02
